educ,gender,HLE_1,HLE_2,prev_1,prev_2,HLE_d,HLE_avg,prev_avg,prev_d,structure_effect,rate_effect
basic,men,25.889982404481497,27.901100809883854,0.19538974574149143,0.15097646729379063,2.0111184054023568,26.895541607182675,0.17318310651764102,-0.044413278447700794,-1.1945191784015263,0.3482917330223847
secondary,men,27.637850016291402,29.675837136742434,0.4894890804869961,0.46809144557513654,2.0379871204510316,28.65684357651692,0.4787902630310663,-0.02139763491185953,-0.6131886765765759,0.9757683894546748
tertiary,men,30.393533323608466,32.64971743704808,0.3151211737715125,0.3809320871310728,2.256184113439616,31.521625380328274,0.3480266304512927,0.0658109133595603,2.074466956857301,0.7852121546781267
basic,women,32.67723097672524,33.56302833077162,0.12169500346981264,0.07666212375521925,0.8857973540463817,33.120129653748435,0.09917856361251595,-0.045032879714593396,-1.491494814828991,0.08785210922608738
secondary,women,34.68119449103929,35.64305021044519,0.4375693962526024,0.34865596222611867,0.9618557194058965,35.16212235074224,0.39311267923936055,-0.08891343402648372,-3.1263850458638687,0.3781176788973546
tertiary,women,36.362207493459024,37.910497238770844,0.440735600277585,0.5746819140186621,1.5482897453118198,37.136352366114934,0.5077087571481236,0.13394631374107707,4.974277505230821,0.7860802622974489
