educ,period,HLE_men,HLE_women,prev_men,prev_women,HLE_d,HLE_avg,prev_avg,prev_d,structure_effect,rate_effect
basic,2000-2004,25.763753965064666,32.58289788919162,0.19538974574149143,0.12169500346981264,6.819143924126955,29.173325927128143,0.15854237460565204,-0.07369474227167878,-2.149920735407393,1.0811232705087916
basic,2016-2020,27.799752030379665,33.3954935989903,0.15097646729379063,0.07666212375521925,5.595741568610634,30.597622814684982,0.11381929552450494,-0.07431434353857139,-2.2738422533141294,0.6369033632764506
secondary,2000-2004,27.533655942087528,34.617339043671194,0.4894890804869961,0.4375693962526024,7.0836831015836665,31.07549749287936,0.4635292383697992,-0.05191968423439369,-1.6134300172569893,3.283494232930094
secondary,2016-2020,29.60865484945369,35.585186088873414,0.46809144557513654,0.34865596222611867,5.9765312394197245,32.59692046916355,0.4083737039006276,-0.11943548334901788,-3.8932289519240433,2.4406581987196416
tertiary,2000-2004,30.314461698817198,36.30208474377354,0.3151211737715125,0.440735600277585,5.987623044956344,33.308273221295366,0.3779283870245488,0.12561442650607252,4.18399963860059,2.262892719491368
tertiary,2016-2020,32.586407862676076,37.84787223281168,0.3809320871310728,0.5746819140186621,5.261464370135606,35.21714004774388,0.47780700057486747,0.1937498268875893,6.823314787726365,2.513964509326028
