educ,gender,HLE_1,HLE_2,prev_1,prev_2,HLE_d,HLE_avg,prev_avg,prev_d,structure_effect,rate_effect
basic,men,25.889982404481522,27.90110080988384,0.19538974574149143,0.15097646729379063,2.0111184054023177,26.89554160718268,0.17318310651764102,-0.044413278447700794,-1.1945191784015265,0.3482917330223779
secondary,men,27.63785001629147,29.675837136742416,0.4894890804869961,0.46809144557513654,2.0379871204509463,28.65684357651694,0.4787902630310663,-0.02139763491185953,-0.6131886765765765,0.975768389454634
tertiary,men,30.393533323608462,32.64971743704802,0.3151211737715125,0.3809320871310728,2.2561841134395557,31.52162538032824,0.3480266304512927,0.0658109133595603,2.0744669568572984,0.7852121546781057
basic,women,32.67723097672525,33.563028330771516,0.12169500346981264,0.07666212375521925,0.885797354046268,33.12012965374838,0.09917856361251595,-0.045032879714593396,-1.4914948148289886,0.08785210922607611
secondary,women,34.68119449103928,35.64305021044522,0.4375693962526024,0.34865596222611867,0.9618557194059392,35.16212235074225,0.39311267923936055,-0.08891343402648372,-3.1263850458638696,0.37811767889737136
tertiary,women,36.36220749345903,37.910497238770915,0.440735600277585,0.5746819140186621,1.5482897453118838,37.13635236611498,0.5077087571481236,0.13394631374107707,4.974277505230827,0.7860802622974813
